<?xml version="1.0"?>
<doc>
    <assembly>
        <name>Microsoft.Extensions.Configuration.EnvironmentVariables</name>
    </assembly>
    <members>
        <member name="T:Microsoft.Extensions.Configuration.EnvironmentVariables.EnvironmentVariablesConfigurationProvider">
            <summary>
            An environment variable based <see cref="T:Microsoft.Extensions.Configuration.ConfigurationProvider"/>.
            </summary>
        </member>
        <member name="M:Microsoft.Extensions.Configuration.EnvironmentVariables.EnvironmentVariablesConfigurationProvider.#ctor">
            <summary>
            Initializes a new instance.
            </summary>
        </member>
        <member name="M:Microsoft.Extensions.Configuration.EnvironmentVariables.EnvironmentVariablesConfigurationProvider.#ctor(System.String)">
            <summary>
            Initializes a new instance with the specified prefix.
            </summary>
            <param name="prefix">A prefix used to filter the environment variables.</param>
        </member>
        <member name="M:Microsoft.Extensions.Configuration.EnvironmentVariables.EnvironmentVariablesConfigurationProvider.Load">
            <summary>
            Loads the environment variables.
            </summary>
        </member>
        <member name="T:Microsoft.Extensions.Configuration.EnvironmentVariables.EnvironmentVariablesConfigurationSource">
            <summary>
            Represents environment variables as an <see cref="T:Microsoft.Extensions.Configuration.IConfigurationSource"/>.
            </summary>
        </member>
        <member name="P:Microsoft.Extensions.Configuration.EnvironmentVariables.EnvironmentVariablesConfigurationSource.Prefix">
            <summary>
            A prefix used to filter environment variables.
            </summary>
        </member>
        <member name="M:Microsoft.Extensions.Configuration.EnvironmentVariables.EnvironmentVariablesConfigurationSource.Build(Microsoft.Extensions.Configuration.IConfigurationBuilder)">
            <summary>
            Builds the <see cref="T:Microsoft.Extensions.Configuration.EnvironmentVariables.EnvironmentVariablesConfigurationProvider"/> for this source.
            </summary>
            <param name="builder">The <see cref="T:Microsoft.Extensions.Configuration.IConfigurationBuilder"/>.</param>
            <returns>A <see cref="T:Microsoft.Extensions.Configuration.EnvironmentVariables.EnvironmentVariablesConfigurationProvider"/></returns>
        </member>
        <member name="T:Microsoft.Extensions.Configuration.EnvironmentVariablesExtensions">
            <summary>
            Extension methods for registering <see cref="T:Microsoft.Extensions.Configuration.EnvironmentVariables.EnvironmentVariablesConfigurationProvider"/> with <see cref="T:Microsoft.Extensions.Configuration.IConfigurationBuilder"/>.
            </summary>
        </member>
        <member name="M:Microsoft.Extensions.Configuration.EnvironmentVariablesExtensions.AddEnvironmentVariables(Microsoft.Extensions.Configuration.IConfigurationBuilder)">
            <summary>
            Adds an <see cref="T:Microsoft.Extensions.Configuration.IConfigurationProvider"/> that reads configuration values from environment variables.
            </summary>
            <param name="configurationBuilder">The <see cref="T:Microsoft.Extensions.Configuration.IConfigurationBuilder"/> to add to.</param>
            <returns>The <see cref="T:Microsoft.Extensions.Configuration.IConfigurationBuilder"/>.</returns>
        </member>
        <member name="M:Microsoft.Extensions.Configuration.EnvironmentVariablesExtensions.AddEnvironmentVariables(Microsoft.Extensions.Configuration.IConfigurationBuilder,System.String)">
            <summary>
            Adds an <see cref="T:Microsoft.Extensions.Configuration.IConfigurationProvider"/> that reads configuration values from environment variables
            with a specified prefix.
            </summary>
            <param name="configurationBuilder">The <see cref="T:Microsoft.Extensions.Configuration.IConfigurationBuilder"/> to add to.</param>
            <param name="prefix">The prefix that environment variable names must start with. The prefix will be removed from the environment variable names.</param>
            <returns>The <see cref="T:Microsoft.Extensions.Configuration.IConfigurationBuilder"/>.</returns>
        </member>
    </members>
</doc>
